"tweet_id","in_reply_to_status_id","in_reply_to_user_id","timestamp","source","text","retweeted_status_id","retweeted_status_user_id","retweeted_status_timestamp","expanded_urls"
"1097568147928842240","1097241396119928833","964125920163282944","2019-02-18 18:46:52 +0000","<a href=""http://twitter.com"" rel=""nofollow"">Twitter Web Client</a>","@harusame_1190 ありがとう
思いが伝わるは重要なことなのに
人と喋ることにあまり自信がありません
多分、一生の課題です","","","",""
"1097567665516773376","1097270117140852737","2241613614","2019-02-18 18:44:57 +0000","<a href=""http://twitter.com"" rel=""nofollow"">Twitter Web Client</a>","@TKTKta ありがとう
ガルフォさんもたくさんの人に応援して
例え応援するだけでも、続けることの動力になる
とってもえらい事と思っています","","","",""
"1097538490823143431","1097231128153522182","1059482894761103360","2019-02-18 16:49:02 +0000","<a href=""http://twitter.com"" rel=""nofollow"">Twitter Web Client</a>","@TL001210 ありがとう、GameMakerも頑張って","","","",""
"1097222595340947456","1089782926680543232","964125920163282944","2019-02-17 19:53:46 +0000","<a href=""http://twitter.com"" rel=""nofollow"">Twitter Web Client</a>","@harusame_1190 ありがとう","","","",""
"1097221833097588736","","","2019-02-17 19:50:45 +0000","<a href=""http://twitter.com"" rel=""nofollow"">Twitter Web Client</a>","ちょっと見目が変わった

何日後で、ツイート全部を爆発する
なんか、vtuberや配信者にらしくないので
そして、やり直す気持ちもあるだから

これから続けてV者達にみると
多分、あまりそれ以外の物をなさそう

ツイートデータがちゃんと保存されます、まぁ...未来で黒歴史になるとか https://t.co/QFHtAzn4tP","","","","https://twitter.com/uid_null/status/1097221833097588736/photo/1,https://twitter.com/uid_null/status/1097221833097588736/photo/1,https://twitter.com/uid_null/status/1097221833097588736/photo/1"
"1097219236638842880","1097219235254693888","1050640493871153152","2019-02-17 19:40:26 +0000","<a href=""http://twitter.com"" rel=""nofollow"">Twitter Web Client</a>","フォローしたの理由て実はある
話しかけてくれての人を忘れないように、フォローしています
以前から、名称や名前が特に忘れやすい
なんか、困らせてしだ、ごめんなさい","","","",""
"1097219238073315329","1097219236638842880","1050640493871153152","2019-02-17 19:40:26 +0000","<a href=""http://twitter.com"" rel=""nofollow"">Twitter Web Client</a>","全部話を終わりだ
今回の話が文法や言葉を訂正してない
もし変な言葉を言った、許してください

そうだ、毎回寝る前にツイートして原因もある
ツイートする後に、ちょっと　コメントを恐れているし
他のことをできない、すみませんでした","","","",""
"1097219232494903296","1097219231018496000","1050640493871153152","2019-02-17 19:40:25 +0000","<a href=""http://twitter.com"" rel=""nofollow"">Twitter Web Client</a>","少し別の話にする
最初は確かに感情のままに行動する
自分にとって無理な事をして、やっぱりダメだ

元々国語の才能がありません
SNSを使ってなんてまるでコミュ障みたい
日本語が母語ではないの原因もありて
言い間違いが怖いなんと...","","","",""
"1097219233891504128","1097219232494903296","1050640493871153152","2019-02-17 19:40:25 +0000","<a href=""http://twitter.com"" rel=""nofollow"">Twitter Web Client</a>","やりたいことを実現するの能力が足りない
絵、動画、プログラム、歌、音楽等々
職人まで望んではない、せめて一人でできるほしい

今続く理由はこの子のため
なんか、自分がやらないならば存在が消え去れという気持ちがある

おそらく、ただのじこまんぞくかも","","","",""
"1097219235254693888","1097219233891504128","1050640493871153152","2019-02-17 19:40:25 +0000","<a href=""http://twitter.com"" rel=""nofollow"">Twitter Web Client</a>","もう一つ、話しかけてくれて

ガルフォさん　@TKTKta
はるさめさん　@harusame_1190

本当にありがとうございます
もっど感謝の気持ちを書きたい
そんな語彙不足のて、許してください","","","",""
"1097219229646868481","","","2019-02-17 19:40:24 +0000","<a href=""http://twitter.com"" rel=""nofollow"">Twitter Web Client</a>","まず、遅くなってすみませんでした
実はこのテキストが結構前にもう書いている
毎回送る前に迷っている、でもちゃんと言うことしないとだめだ

色々考えていました。そのままに諦めて欲しくない
この後、空き時間が少ないので活動を変更します","","","",""
"1097219231018496000","1097219229646868481","1050640493871153152","2019-02-17 19:40:24 +0000","<a href=""http://twitter.com"" rel=""nofollow"">Twitter Web Client</a>","変更内容は以下
1.Twitterが不定期更新になる、そしてあまり話をしない
https://t.co/DV0TLvv22pチャンネルがしばらく使わない(解除してもいい)

これから目標は以下
1.イメージを作成する
2.自分を強くなる（色々）","","","","http://2.YouTube"
"1085950210465906688","","","2019-01-17 17:21:20 +0000","<a href=""http://twitter.com"" rel=""nofollow"">Twitter Web Client</a>","...いろんな事を発生した、続けるとかわからない
やりたい気持ちが本当だ、いまやっているこどは何も意味がないかも
でも過去ように何も目標がないの暮らしは絶対いやです

しばらくツイートしない、どうするかを考える","","","",""
"1085625488410796032","","","2019-01-16 19:51:01 +0000","<a href=""http://twitter.com"" rel=""nofollow"">Twitter Web Client</a>","はやい！いや、うっ...
理由は理解できる、企業にとってアレが仕方ない
さすが今には卒業式のことを思い出して草しか生えない
でも、これはよい事です、きっとうれしいだろ🙂

おやすみなさい💤","","","",""
"1085617982179467264","","","2019-01-16 19:21:11 +0000","<a href=""http://twitter.com"" rel=""nofollow"">Twitter Web Client</a>","RT @saku_sasaki: お久しぶりです。復帰させていただく事になりました。
これからまたよろしくお願い致します。

皆様に大切なお知らせがあります。
https://t.co/bj3u2xJi5b https://t.co/jdsSbugKoq","1085492783098417152","1012211447160455170","2019-01-16 11:03:41 +0000","https://youtu.be/ayvKurh74ZE,https://twitter.com/saku_sasaki/status/1085492783098417152/photo/1,https://youtu.be/ayvKurh74ZE,https://twitter.com/saku_sasaki/status/1085492783098417152/photo/1"
"1085253215057108992","","","2019-01-15 19:11:44 +0000","<a href=""http://twitter.com"" rel=""nofollow"">Twitter Web Client</a>","最近勉強してそろそろむつかしい本を読んでみる
ちょっと前にインターネットの青空文庫を探していた
読んでみたあと、うっ…長い！文字が多い！
上手になるために、見るしかないだ

そうた、さき剣持さんの配信…。いや、なんでもない
ても普段のまま喋ってなんか行ける🤔

おやすみなさい💤","","","",""
"1084910065247707137","","","2019-01-14 20:28:10 +0000","<a href=""http://twitter.com"" rel=""nofollow"">Twitter Web Client</a>","もっとやれる、もっと自分の能力が足りないのことを認識した
少し自分の標準を下げて速度を上げたほうがいいかも
せめて今の実力をちゃんと把握する...

今日はここまで、おやすみなさい💤","","","",""
"1084908686655467521","1084539394919325696","964125920163282944","2019-01-14 20:22:42 +0000","<a href=""http://twitter.com"" rel=""nofollow"">Twitter Web Client</a>","@harusame_1190 🙂","","","",""
"1084538976659169280","","","2019-01-13 19:53:36 +0000","<a href=""http://twitter.com"" rel=""nofollow"">Twitter Web Client</a>","有栖川 ドットさんの初配信を見ました
すごいです、以前コメント欄と連動して見たことがある
ただ流すと、ちょっともったいないと思う
もし何かにコントロールができるなら
中で一員なら、きっと面白い

悔しいけど、でも見た嬉しい

うまく話せない、おやすみなさい💤","","","",""
"1084165933856305152","1084165932434354176","1050640493871153152","2019-01-12 19:11:16 +0000","<a href=""http://twitter.com"" rel=""nofollow"">Twitter Web Client</a>","でも、実際私はスバルさんの声が可愛いと思う
ただ使い方は荒々しいです💪

あと、初めて知った
城星譲友&amp;VICはホントに二人だった
ずっとただのスタンドだと思う
そして、城星譲友さんがかわいいです🙂

おやすみ💤","","","",""
"1084165932434354176","","","2019-01-12 19:11:15 +0000","<a href=""http://twitter.com"" rel=""nofollow"">Twitter Web Client</a>","最近マイクラ配信多です、BANSまでもサーバーを作りました
やはり、多くの人が一緒に遊ぶの方が楽しいです

ホロライブのスバルさんは最近も面白かった
元々面白い人だ、最近配信さすが爆笑しちゃった
3DとがASMRとが猫カフェとが
今日の配信も笑うしかねえ🙂","","","",""
"1083777669697695749","","","2019-01-11 17:28:26 +0000","<a href=""http://twitter.com"" rel=""nofollow"">Twitter Web Client</a>","最近にじさんじマイクラ配信は面白かったです
特に最近のリオンさん、面白くて、可愛くて、是非見てみてください

今日はここまで、まだ少し疲れがあるようです
おやすみ💤","","","",""
"1083432424900448256","","","2019-01-10 18:36:33 +0000","<a href=""http://twitter.com"" rel=""nofollow"">Twitter Web Client</a>","少し昨日バーチャルさんのことを話します

ファンとしての私は見て、とても楽しい
混乱ですけど、分かってるので笑いました🙂

同時に、わからない人は見て楽しいなの？
...それも私が心配べきではないのこどです

とりあえず昨日楽して遅く寝過ぎだ、まだ疲れている
おやすみ💤","","","",""
"1083101918577143808","","","2019-01-09 20:43:15 +0000","<a href=""http://twitter.com"" rel=""nofollow"">Twitter Web Client</a>","やはり混沌...
他の人のコメントを見過ぎて、もうこんな時間...
おやすみ💤","","","",""
"1082697117896912896","1082697116554674176","1050640493871153152","2019-01-08 17:54:43 +0000","<a href=""http://twitter.com"" rel=""nofollow"">Twitter Web Client</a>","今日はここまで、最近毎日やりすぎて書く時間が足りない
いっそ先に書けして、これて安心して他のことをやる
少々疲れた、もう少ししたら寝ます
おやすみ💤","","","",""
"1082697116554674176","","","2019-01-08 17:54:42 +0000","<a href=""http://twitter.com"" rel=""nofollow"">Twitter Web Client</a>","にじさんじ新しいライバーが
...あれ、ユードリックは🤔

HTCの視線追跡のVRゴーグルが
いいね、しかし価格に...

ついに明日、バーチャルさん...
今日の最新映像を見ました
想像以上に混乱、でもカットしすぎるのせいでの可能性もあります","","","",""
"1082665162752970753","","","2019-01-08 15:47:44 +0000","<a href=""http://twitter.com"" rel=""nofollow"">Twitter Web Client</a>","RT @nijisanji_app: 【にじさんじから2名が新たにデビュー！！】

新しく2名のライバーの仲間に迎え、本日より始動！
詳細はこちら▷https://t.co/E9HYgs7CEh https://t.co/jWYNwcIUzW","1082472367694086144","950967576980422657","2019-01-08 03:01:38 +0000","https://prtimes.jp/main/html/rd/p/000000044.000030865.html,https://twitter.com/nijisanji_app/status/1082472367694086144/photo/1,https://prtimes.jp/main/html/rd/p/000000044.000030865.html,https://twitter.com/nijisanji_app/status/1082472367694086144/photo/1"
"1082661737197961216","1082364968618536965","964125920163282944","2019-01-08 15:34:07 +0000","<a href=""http://twitter.com"" rel=""nofollow"">Twitter Web Client</a>","@harusame_1190 お体に気をつけて","","","",""
"1082359788741091328","","","2019-01-07 19:34:17 +0000","<a href=""http://twitter.com"" rel=""nofollow"">Twitter Web Client</a>","何がを書きたいけど、とても寝たい...
おやすみ💤","","","",""
"1082006190521896960","","","2019-01-06 20:09:13 +0000","<a href=""http://twitter.com"" rel=""nofollow"">Twitter Web Client</a>","最近よくかなえさんのマイクラ配信を見ています
夜配信も一つの原因(最近ほとんど遅く眠る...
メンバーと異なるゲームみたいのこの点は面白い

あと、ARが出てくる...
そろそろ寝るわ、おやすみ💤","","","",""
"1081818685281513472","","","2019-01-06 07:44:08 +0000","<a href=""http://twitter.com"" rel=""nofollow"">Twitter Web Client</a>","【ニコ生視聴中】樋口楓1stLive「KANA-DERO」直前特番　～Deroon 5に迫る～ https://t.co/GZ8DczZVPi #樋口楓","","","","http://live.nicovideo.jp/watch/lv317613259?ref=sharetw"
"1081649403373338624","","","2019-01-05 20:31:28 +0000","<a href=""http://twitter.com"" rel=""nofollow"">Twitter Web Client</a>","わぁ！？まだこんな時間が...

明日はちゃんと早く寝る...おやすみ💤","","","",""
"1081242141282582528","","","2019-01-04 17:33:09 +0000","<a href=""http://twitter.com"" rel=""nofollow"">Twitter Web Client</a>","VTuberどんどん広がっている
うれしけど...でも...

うまく言えない、私は昔から
技術、才能 、スキルという物
その持つ人を尊敬している
でも崇拝することはしない
そのせいで特に誰かに夢中になれません","","","",""
"1081242142670913536","1081242141282582528","1050640493871153152","2019-01-04 17:33:09 +0000","<a href=""http://twitter.com"" rel=""nofollow"">Twitter Web Client</a>","やはりうまく伝えるできない
もし今まで好の物は変われた、その時どうされるますか

また明日","","","",""
"1080914284404604928","","","2019-01-03 19:50:22 +0000","<a href=""http://twitter.com"" rel=""nofollow"">Twitter Web Client</a>","Minecraftやっぱりたくさんの人と遊ぶほうが楽しい

最近まだ睡眠不足，明日早く寝なければなりません
おやすみ💤","","","",""
"1080820361942298625","","","2019-01-03 13:37:09 +0000","<a href=""http://twitter.com"" rel=""nofollow"">Twitter Web Client</a>","RT @asanoruri: ✨新春！バーチャル歌合戦✨
🎍平成31年1月3日(木) 19:00～🎍

朝ノ姉妹ぷろじぇくとのチャンネルにて生放送！！

朝ノ瑠璃率いる【清楚組】と
ふくやマスター率いる【納豆組】が

新年から歌で魅せます聴かせます！ᐠ( ᐛ )ᐟᐠ( ᐖ )ᐟ…","1078848617035649025","991562536632778752","2018-12-29 03:02:08 +0000","https://twitter.com/asanoruri/status/1078848617035649025/photo/1"
"1080552949280006145","","","2019-01-02 19:54:33 +0000","<a href=""http://twitter.com"" rel=""nofollow"">Twitter Web Client</a>","う...また時間が

一旦休みます、おやすみ💤","","","",""
"1080178528157499392","","","2019-01-01 19:06:44 +0000","<a href=""http://twitter.com"" rel=""nofollow"">Twitter Web Client</a>","あけおめ！🎍（気分が乗ってやってみる

少し整理してコンテンツを考えました
いいアイデアが浮かんだ
その前にまず、自己紹介ようなものを作ります
まだ時間かかりそうです

そろそろ休みます、最後に、良いお年を","","","",""
"1079722983403343873","","","2018-12-31 12:56:34 +0000","<a href=""http://twitter.com"" rel=""nofollow"">Twitter Web Client</a>","年越しVR歌合戦イベント「Count0」12月31日(月)20時スタート https://t.co/Bm1uhaSjmp @YouTubeさんから","","","","https://youtu.be/qCTTP1ojuz4"
"1079407378984951809","","","2018-12-30 16:02:28 +0000","<a href=""http://twitter.com"" rel=""nofollow"">Twitter Web Client</a>","回線が悪い…
低画質モードにしか見られない😨

そうだ、昨日のV紅白歌合戦は途中から見て
今日で戻って見るともう消えちゃった…
でもメイカさんはさっきニコニコに投稿しました(ありがとうございます！)
だが250分…まぁ、明日にゆっくり見るしよう😶

またね","","","",""
"1079037440575266817","","","2018-12-29 15:32:28 +0000","<a href=""http://twitter.com"" rel=""nofollow"">Twitter Web Client</a>","RT @tenkaitukasa: 打ち上げ会場はこちら・・・・！
天開司の豪遊雑談　V紅白歌合戦打ち上げスペシャル https://t.co/4BvAXhGbm7 @YouTubeさんから","1078960285908492288","1002818297899839488","2018-12-29 10:25:52 +0000","https://www.youtube.com/channel/UCZYyhgoV314CM14zBD6vd4A/live,https://www.youtube.com/channel/UCZYyhgoV314CM14zBD6vd4A/live"
"1079034903096782848","","","2018-12-29 15:22:23 +0000","<a href=""http://twitter.com"" rel=""nofollow"">Twitter Web Client</a>","天使...
良かった...","","","",""
"1079025966339375104","","","2018-12-29 14:46:52 +0000","<a href=""http://twitter.com"" rel=""nofollow"">Twitter Web Client</a>","RT @makeagames2018: #V紅白歌合戦
参加ゲストを発表させていただきましたッ！
とても豪華なメンバーにご参加いただき、恐縮です…！

最後にはシークレットゲストも…？

12月29日20時から！！お見逃しなく！！！
参加者のIDはリプに付けますね！

◆URL…","1077562057224900608","967777419661778944","2018-12-25 13:49:49 +0000","https://youtu.be/S4tMrb-4-q0,https://www.youtube.com/channel/UC7-N7MvN5muVIHqyQx9LFbA,https://twitter.com/makeagames2018/status/1077562057224900608/photo/1"
"1078711919920332800","","","2018-12-28 17:58:57 +0000","<a href=""http://twitter.com"" rel=""nofollow"">Twitter Web Client</a>","やっぱり辛い...
外野には応援しかない

今週はお他の事があります
もし時間に余裕なら、またツイートする(つまらないのツイートだけと)
多分4日で終わる😶

じゃあ、また","","","",""
"1078696315226271745","","","2018-12-28 16:56:57 +0000","<a href=""http://twitter.com"" rel=""nofollow"">Twitter Web Client</a>","RT @AniMare_cafe: 稲荷くろむにつきまして、
ご心配をお掛けして大変申し訳ございません。

誠に残念ながら本人の事情によりVtuber活動を引退することをご報告させていただきます。

つきましては、
12/29（土）19:00より稲荷くろむのチャンネルにて
あに…","1078486030708137984","993839162099810305","2018-12-28 03:01:21 +0000",""
"1078358697347141632","","","2018-12-27 18:35:23 +0000","<a href=""http://twitter.com"" rel=""nofollow"">Twitter Web Client</a>","自分より強いもの見た、本当に自信をなくなる
こういう時、自分より弱いもの見て、もう一度自信をもって
再びチャレンジする

最近ずっとこんな感じ、大丈夫ですけど
なんが遅くて効率よくないみたい🤔

また明日","","","",""
"1077980781711024128","","","2018-12-26 17:33:40 +0000","<a href=""http://twitter.com"" rel=""nofollow"">Twitter Web Client</a>","まだ時間がつい遅くなって...
とりあえず休みしよう😴
また明日","","","",""
"1077638079400169472","","","2018-12-25 18:51:54 +0000","<a href=""http://twitter.com"" rel=""nofollow"">Twitter Web Client</a>","そういえば、「バみにく」て最初に聞いた衝撃的な言葉
今にはふつうに聞こえます、マヒかも😶

トップの方しか存じておりますけど
もしだれに推すれば、それは柊椋さんです
理由は一番安心して見ての方、中性的な感じている","","","",""
"1077638080335470592","1077638079400169472","1050640493871153152","2018-12-25 18:51:54 +0000","<a href=""http://twitter.com"" rel=""nofollow"">Twitter Web Client</a>","もう一つ個人的の理由は、不器用なかわいい子の真似をすること

だが女児はダメ😐
子供に嫌いではない、逆に好きだ
でも女児の真似はほんとにダメ😐

それはあるの兎が何回見ると確信したこと、自分自身も意外と思う

また明日","","","",""
"1077297000226336769","","","2018-12-24 20:16:34 +0000","<a href=""http://twitter.com"" rel=""nofollow"">Twitter Web Client</a>","怒涛の配信通知💦
中でほとんど葛葉さんの海賊(蛮族)ゲーム配信を見ている
ゲーム好きだから

雑談配信も好き、でも真面目に聴く必要があるので
ちょっと他のことができない

ちょっと遅いけど

メリークリスマス","","","",""
"1077207584182960128","","","2018-12-24 14:21:16 +0000","<a href=""http://twitter.com"" rel=""nofollow"">Twitter Web Client</a>","RT @MitoTsukino: 命（回線）ある限り歌います・・・
https://t.co/ZFrlwFCKA0","1077202517937709062","958737597336928256","2018-12-24 14:01:08 +0000","https://www.youtube.com/channel/UCD-miitqNY3nyukJ4Fnf4_A/live,https://www.youtube.com/channel/UCD-miitqNY3nyukJ4Fnf4_A/live"
"1076900006609616896","","","2018-12-23 17:59:04 +0000","<a href=""http://twitter.com"" rel=""nofollow"">Twitter Web Client</a>","一応部屋を変わった、全体はまだ未完成ですけど💦
初めてクリスマスツリーを作るとプロセスがほぼほぼ覚えていない🙄
日本の明日は休日そうだ、残念ながらこちがない

あと、稲荷 くろむさん...
でも別の場所で元気そうだ、少し安心しました
今日はこれで、また明日","","","",""
"1076537958008680448","","","2018-12-22 18:00:24 +0000","<a href=""http://twitter.com"" rel=""nofollow"">Twitter Web Client</a>","朝からずっと頭が痛い、風邪なのか？
痛いのせいで集中できない...😨
今日はこれだけ、また明日","","","",""
"1076172477900845056","","","2018-12-21 17:48:07 +0000","<a href=""http://twitter.com"" rel=""nofollow"">Twitter Web Client</a>","て、これがニコニ立体のことじゃないですか？🤔

何というか、自分はvrchatほうが好感が持てる
多分vrchatもっと自由に使えるの印象がある
なのに詳しいの比較することがないけど...

もし日本国内ではきっとvirtualcastのほうがいい。また明日","","","",""
"1076159359753773056","","","2018-12-21 16:56:00 +0000","<a href=""http://twitter.com"" rel=""nofollow"">Twitter Web Client</a>","RT @virtual_cast: 全てのVRサービスを往来可能にする3Dアバター＆3Dデータ投稿プラットフォーム「THE SEED ONLINE」を2019年2月中旬に提供開始します。
VRを楽しむための体験すべて「作って（作成）あつめて（投稿・流通）VR空間であそべる（自由…","1076013475304894465","978095933358424064","2018-12-21 07:16:18 +0000","https://twitter.com/virtual_cast/status/1076013475304894465/photo/1"
"1075792660697206784","1075792659141165056","1050640493871153152","2018-12-20 16:38:52 +0000","<a href=""http://twitter.com"" rel=""nofollow"">Twitter Web Client</a>","プログラミング系が期待している...ように見えません😶
でもUnityとて宣伝してたぶん大丈夫
12/31来た時に分かる。まだ明日","","","",""
"1075792659141165056","","","2018-12-20 16:38:51 +0000","<a href=""http://twitter.com"" rel=""nofollow"">Twitter Web Client</a>","ユニティちゃん「バーチャル女優」宣言

ちょっと探して、9/1にもう行動がある
https://t.co/F1ho89EmqY
チャンネルも作った
https://t.co/br3vzINvaQ
よく見ると、来年の「バーチャルさんはみている」の中にいる
https://t.co/wNuQfi70Lz","","","","http://unity-chan.com/contents/staff-note/meetup-sept1/,https://www.youtube.com/channel/UCvDLWW-HZ0JJHzblazs-OWw,https://virtualsan-looking.jp/"
"1075461809841135616","","","2018-12-19 18:44:11 +0000","<a href=""http://twitter.com"" rel=""nofollow"">Twitter Web Client</a>","毎回何かを見ると、自分は変なと思う
良いことを聞いた時、悪いことを考える
例えば、Vtuberが6000人突破みたい
でもVtuberとて目的は何？
私が始まる前にもう決めたった、ただお他の人がわかりません","","","",""
"1075461811242033152","1075461809841135616","1050640493871153152","2018-12-19 18:44:11 +0000","<a href=""http://twitter.com"" rel=""nofollow"">Twitter Web Client</a>","...続けて他の意味が出るかも
多分自分が心配する、Virtualとは、一体何...
変なことを書ってすみません、まだ明日","","","",""
"1075072885847339009","","","2018-12-18 16:58:44 +0000","<a href=""http://twitter.com"" rel=""nofollow"">Twitter Web Client</a>","ついにvtuberもアニメ化か、期待しているわけではない...
ま、自分で考えるべきでないのこと

いまの環境をちょっと調整する、クリスマスも近くあり
今回に定規を試して、あまり使えるのも📏
あと、ちゃんと時間を把握して、まだ睡眠不足などいけない

また明日","","","",""
"1074831287586672640","","","2018-12-18 00:58:43 +0000","<a href=""http://twitter.com"" rel=""nofollow"">Twitter Web Client</a>","昨日ちょっと寝って、もう朝か...😶
少し時間て昨日の分を書けしよう
クリスマス間もなくです、こちがあまり過ごすの祭り
ても気分をようで、少々装飾する

今日の仕事を頑張って、夜にまだツイートする","","","",""
"1074387157324709888","","","2018-12-16 19:33:54 +0000","<a href=""http://twitter.com"" rel=""nofollow"">Twitter Web Client</a>","「今のアニメ動画はほうとんとん3Dから2Dへ変換で作る」
ということを聞いた、3Dはトレンドが知っている
実際に聞いていた、微妙な感じている

3dモデリングも遅かれ早かれのこと...また明日","","","",""
"1073965777932345345","","","2018-12-15 15:39:29 +0000","<a href=""http://twitter.com"" rel=""nofollow"">Twitter Web Client</a>","たまに考えて、として人は技術の物にあまり興味がない
 恐らく面白くないと感じてそう思う
 でも人が自分に関心の場所で新しい事物を吸収する
 たとえ見ると分からないけと、せめて伝えることができた
 
ただ感想です、時に動画を見るの発想。また明日","","","",""
"1073627376410451969","","","2018-12-14 17:14:48 +0000","<a href=""http://twitter.com"" rel=""nofollow"">Twitter Web Client</a>","睡眠が足りない...
書くことは考えられなくて、すみません

今日はこれだけ、また明日😴","","","",""
"1073290993502347265","","","2018-12-13 18:58:08 +0000","<a href=""http://twitter.com"" rel=""nofollow"">Twitter Web Client</a>","ちょっと、現在の状況を話す
ツイートは言葉の練習、語彙とか書くスピードとか
YouTube チャンネルは一時中止、すこし方向を変える
動画編集はアニメーション制作を試して
Live2Dは予定新しいものを作るつもり","","","",""
"1073290994911666176","1073290993502347265","1050640493871153152","2018-12-13 18:58:08 +0000","<a href=""http://twitter.com"" rel=""nofollow"">Twitter Web Client</a>","あと一つ話したい、にじさんじが1つのグループになった
もう知っているかもしれない
良いと思う、同時に悪いと思う
少しのことを思い出した、みんな仲良くしてほしいな...

とにかく、未来のことはわからない。また明日","","","",""
"1072888009287069697","","","2018-12-12 16:16:49 +0000","<a href=""http://twitter.com"" rel=""nofollow"">Twitter Web Client</a>","動画編集ソフトまだAdobe After EffectsとAdobe Premiere Proがある
After Effects は映像を加工する
Premiere Pro はムービーを編集する

毎月払いプランしかいない、ソフトウェアてこういう料金払いが嫌いだ
ただ使い方を理解するだけ
詳しい違いこちら
https://t.co/O3Dsw9KJTs","","","","https://helpx.adobe.com/jp/premiere-pro/kb/211.html"
"1072544072387231744","","","2018-12-11 17:30:08 +0000","<a href=""http://twitter.com"" rel=""nofollow"">Twitter Web Client</a>","ある方の紹介、「Filmora」動画編集ソフトを知っている
幾日触った感想は、自分に事前準備の素材足りない
エフェクトが思うままにうまく使いない
悪いソフトではない、シンプルの操作画面は良い
でもエフェクト詳し設定をできないみたい😕

ただ個人感想て間違っているかもしれない
また明日","","","",""
"1072182791826157568","","","2018-12-10 17:34:32 +0000","<a href=""http://twitter.com"" rel=""nofollow"">Twitter Web Client</a>","動画編集が思ったよりムズイ
ソフトの操作じゃなくて、内容はどうやって画面を表現する
今、普段見るの動画は大変だと思っている😨
まず一旦毎週の報告を止める、ガチ勉強します

せめて自分も受け入れるの成果を作る","","","",""
"1071144563299901440","","","2018-12-07 20:48:59 +0000","<a href=""http://twitter.com"" rel=""nofollow"">Twitter Web Client</a>","今週はスマブラSP週か

月日が経つのが早い、もう十二月だ
最近考えて報告内容は配信より動画方がいいかも
動画編集のけいけんは無いけど、とりあえず試しよう

というわけで今週の報告は動画方式をします
一日か二日をかかると思う","","","",""
"1070746942034984960","","","2018-12-06 18:28:59 +0000","<a href=""http://twitter.com"" rel=""nofollow"">Twitter Web Client</a>","毎回自分のやり事は役に立たないと感じている
でも、何もしないなら、本当に何もできることになくなる

今日はここまで、明日も頑張る","","","",""
"1070738090623328256","","","2018-12-06 17:53:48 +0000","<a href=""http://twitter.com"" rel=""nofollow"">Twitter Web Client</a>","#Live2d
回すの一筒
Live2D勉強の製品

フォルダはこちらです、ご自由にお使い下さい
https://t.co/cVFjMvQMI7 https://t.co/jJbIdsaHXH","","","","https://drive.google.com/open?id=1vf3DUBCfWC1S43EOmd2lnBduPeaRn12E,https://twitter.com/uid_null/status/1070738090623328256/video/1"
"1070382460444143616","","","2018-12-05 18:20:39 +0000","<a href=""http://twitter.com"" rel=""nofollow"">Twitter Web Client</a>","バラメータのキーは三つが足りないなら、五つを試したか？
という訳で、こんな感じになんだ（うっ...頭が）
本来180度の回転で、360度をなるために増加する
斜めの形がわからないの状態になんだ...

とりあえず寝ます、明日また考えて https://t.co/tsARCTylqK","","","","https://twitter.com/uid_null/status/1070382460444143616/photo/1"
"1069993655232950274","","","2018-12-04 16:35:41 +0000","<a href=""http://twitter.com"" rel=""nofollow"">Twitter Web Client</a>","そういえば、絵を描くから
自分のデザインがめちゃくちゃ弱い事を認識した
以前があまり関心してない、最近「これはいい」の物に見つけることが多い
やってるたから見えるが...

また、明日頑張る","","","",""
"1069993173571649536","","","2018-12-04 16:33:46 +0000","<a href=""http://twitter.com"" rel=""nofollow"">Twitter Web Client</a>","人に気に入られやすいオリジナルキャラの作り方 | リクノ@絵の学校 #pixiv https://t.co/TTMyOVaoSk","","","","https://www.pixiv.net/member_illust.php?mode=medium&illust_id=55765992"
"1069652987461623809","","","2018-12-03 18:02:00 +0000","<a href=""http://twitter.com"" rel=""nofollow"">Twitter Web Client</a>","live2Dについて、できればFaceRigや3teneProようなソフトをもっと増えてほしい
Cubism SDKの存在を知っています、てもマニュアルサイトの講座とシンプルが少ない
あるいは私自身の実力が足りないかもしれない
とにかく、今の能力範囲で出来る限りをします

また、明日頑張る","","","",""
"1069298603665965056","","","2018-12-02 18:33:48 +0000","<a href=""http://twitter.com"" rel=""nofollow"">Twitter Web Client</a>","悲しみの事故🤖

今日は古い資料を整理する
「もしかして使うかもしれない」と思って、全然使う機会がない😕
断捨離...

また、明日頑張る","","","",""
"1069283210381553664","","","2018-12-02 17:32:38 +0000","<a href=""http://twitter.com"" rel=""nofollow"">Twitter Web Client</a>","RT @robocosan: …………ｽﾔｧ

【ピカV杯】ロボ子、ポケモンの大会で３タテ【let's go イーブイ】 https://t.co/eYYgBwk36Q @YouTubeより
#ピカブイ杯","1069272526071578624","960340787782299648","2018-12-02 16:50:10 +0000","https://youtu.be/Y8K6cEgbGg4,https://youtu.be/Y8K6cEgbGg4"
"1068915160796917765","","","2018-12-01 17:10:08 +0000","<a href=""http://twitter.com"" rel=""nofollow"">Twitter Web Client</a>","配信回線が不安定でして、見ましたの人に申し訳ございません💦
今週報告が終わりました
アップロードの資料はこちらです
https://t.co/WMpORYGk8o","","","","https://github.com/recyclempty/vtuber-log/tree/master/181201"
"1068906066853847041","","","2018-12-01 16:34:00 +0000","<a href=""http://twitter.com"" rel=""nofollow"">Twitter Web Client</a>","今週報告
1.Live2Dで3Dを表現する
2.VTuber動画や紹介

この配信は十分時間を予定しております 
もし時間がないのは、概要欄に資料リンクがあります
 
https://t.co/ide0DblKUg
 #Vtuber","","","","https://www.youtube.com/channel/UC2F8FM_lVc-s32-XTE1y0iw/live"
"1068892300095348737","","","2018-12-01 15:39:18 +0000","<a href=""http://twitter.com"" rel=""nofollow"">Twitter Web Client</a>","後の毎週の報告を30分延期する
25:30に配信する
見過ぎて、少し時間を準備する、本当にごめなさい","","","",""
"1068689619892367361","","","2018-12-01 02:13:55 +0000","<a href=""http://twitter.com"" rel=""nofollow"">Twitter Web Client</a>","RT @tenkaitukasa: #ピカV杯 https://t.co/DtkQNk1Lhv","1068525148699942917","1002818297899839488","2018-11-30 15:20:22 +0000","https://twitter.com/tenkaitukasa/status/1068525148699942917/photo/1,https://twitter.com/tenkaitukasa/status/1068525148699942917/photo/1,https://twitter.com/tenkaitukasa/status/1068525148699942917/photo/1,https://twitter.com/tenkaitukasa/status/1068525148699942917/photo/1,https://twitter.com/tenkaitukasa/status/1068525148699942917/photo/1,https://twitter.com/tenkaitukasa/status/1068525148699942917/photo/1,https://twitter.com/tenkaitukasa/status/1068525148699942917/photo/1,https://twitter.com/tenkaitukasa/status/1068525148699942917/photo/1"
"1068574122496602112","","","2018-11-30 18:34:58 +0000","<a href=""http://twitter.com"" rel=""nofollow"">Twitter Web Client</a>","キューブの角度を確認するため、3Dのモデル作りました
さいわいにキューブはデフォルトモデルでただ呼びだけ
次はキューブの角度を回す、でもLocalやGlobalでどっちが回って正しいの？

まだ時間がかかり過ぎて、とりあえず休む
明日が毎週の報告です","","","",""
"1068176223883259904","","","2018-11-29 16:13:52 +0000","<a href=""http://twitter.com"" rel=""nofollow"">Twitter Web Client</a>","前に数日やて、まだちょっと睡眠不足
そういえば、アメリカのブラックフライデーが前週の23日始まった
「ブラックフライデーとは、11月の第4木曜日の翌日にあたる日のことである」
初めて聞いた、知らなかった...😶

今日はここまで、明日も頑張る","","","",""
"1067845571099021312","","","2018-11-28 18:19:58 +0000","<a href=""http://twitter.com"" rel=""nofollow"">Twitter Web Client</a>","live2Dで立体的に表現するのために、まずキューブを作る
X軸やY軸で1つの軸だけ回転するには問題ない
同時に回すならモデルを壊された💦

今日はここまで、明日も頑張る","","","",""
"1067463797537796096","","","2018-11-27 17:02:56 +0000","<a href=""http://twitter.com"" rel=""nofollow"">Twitter Web Client</a>","https://t.co/6qtNe33sCS","","","","https://github.com/recyclempty/vtuber-log/tree/1124_branch"
"1067463799060365313","1067463797537796096","1050640493871153152","2018-11-27 17:02:56 +0000","<a href=""http://twitter.com"" rel=""nofollow"">Twitter Web Client</a>","これで一件落着
一体何日に使えましたか😕

とりあえず、今日は早く寝る
明日が予定の事に頑張ろ","","","",""
"1066001442261979136","","","2018-11-23 16:12:03 +0000","<a href=""http://twitter.com"" rel=""nofollow"">Twitter Web Client</a>","明日早い起きて、あまり長い考えてない
自分のツイートは意外の人に見られた、びっくりした💦
SNSはそういうことか...

今日はここまで、明日多分ツイートをしない","","","",""
"1065652032315387904","","","2018-11-22 17:03:38 +0000","<a href=""http://twitter.com"" rel=""nofollow"">Twitter Web Client</a>","にじさんじレジスタンス...やっぱり面白いい

そいえば、自分なんがこういうぐだぐだ気分がすき
面白い番組も良い、もど気軽にほしい、面倒な私😕

今日はここまで、明日も頑張る","","","",""
"1065326037939118081","","","2018-11-21 19:28:14 +0000","<a href=""http://twitter.com"" rel=""nofollow"">Twitter Web Client</a>","寂しいならばペットを飼う
でも、いつか離れる日が来る
それで最初からしないほうがいい？
（ｷｯﾄｿｳｼﾞｬﾅｲ）

うまく書いてない、とりあえず、今日はここまで、少し休む...","","","",""
"1064918428723474432","","","2018-11-20 16:28:33 +0000","<a href=""http://twitter.com"" rel=""nofollow"">Twitter Web Client</a>","使いのスマホのバッテリーの寿命が来た...
また新しいスマホを購入しなきゃ...
なんでスマホのバッテリーが乾電池みたいにやすい替換品をできない何の🤔

今日はここまで、明日も頑張る","","","",""
"1064581663273807872","1064581662187511808","1050640493871153152","2018-11-19 18:10:22 +0000","<a href=""http://twitter.com"" rel=""nofollow"">Twitter Web Client</a>","でも、やっぱり自分が甘い過ぎだ
今週にやることが終わりあと、も一度チャレンジしよう

今日はここまで、明日も頑張る","","","",""
"1064581662187511808","","","2018-11-19 18:10:21 +0000","<a href=""http://twitter.com"" rel=""nofollow"">Twitter Web Client</a>","前live2dを研究する時に、自由に腕回すの方法が探せない
公式のサンプルがせいぜい一軸の回すたけ
悩んであとに、3Dを直接作るほうがいいかも、という解決しました","","","",""
"1064450000095068160","","","2018-11-19 09:27:11 +0000","<a href=""http://twitter.com"" rel=""nofollow"">Twitter Web Client</a>","RT @memento_vivi: 【Live2D_2018】Vが踊る https://t.co/Oa6uHGl95q @YouTubeさんから

動画をアップロードしました。
新作です。動きまくります。","1063968666335686656","103879620","2018-11-18 01:34:32 +0000","https://youtu.be/uacZeZPj_3U,https://youtu.be/uacZeZPj_3U"
"1064230334084997120","","","2018-11-18 18:54:18 +0000","<a href=""http://twitter.com"" rel=""nofollow"">Twitter Web Client</a>","クリスタのアニメーション機能を試した
めちゃ時間がかかっている💦
こう考えて動画を描く人のスピードがすごく速いです

ポケモンに遊ぶ人がいっぱいいる

あ...さっぎ、あるのヴァンパイアを限定配信みたい

今日はここまで、私は見に行くわ","","","",""
"1063845235623571457","","","2018-11-17 17:24:04 +0000","<a href=""http://twitter.com"" rel=""nofollow"">Twitter Web Client</a>","来週11月23日の配信が一時停止します
突然ですが、すみませんです💦
代わりに、なにかします

今夜はゆっくり休んで、おやすみなさい。良い夢を","","","",""
"1063834253392195585","","","2018-11-17 16:40:25 +0000","<a href=""http://twitter.com"" rel=""nofollow"">Twitter Web Client</a>","今週報告が終わりました

アップロードの資料はこちらです
https://t.co/wJh4WY9vRH","","","","https://github.com/recyclempty/vtuber-log/tree/master/181117"
"1063809847131439104","","","2018-11-17 15:03:26 +0000","<a href=""http://twitter.com"" rel=""nofollow"">Twitter Web Client</a>","今週報告
1. 紹介用モデルの進捗状況
2. VTuber動画や紹介
 
 この配信は十分時間を予定しております
 もし時間がないのは、概要欄に資料リンクがあります
 
https://t.co/ide0DblKUg
#Vtuber","","","","https://www.youtube.com/channel/UC2F8FM_lVc-s32-XTE1y0iw/live"
"1063487147401826304","","","2018-11-16 17:41:09 +0000","<a href=""http://twitter.com"" rel=""nofollow"">Twitter Web Client</a>","昨日からポケモン実況いっぱいいる
でも長い配信で自分があまり人におすすめしない、純粋な長すぎた

今週のお勧め動画が少ない
ちょっと気になるvtuberさんを紹介試して

今日はここまで、明日が毎週の報告です","","","",""
"1063130594920431616","","","2018-11-15 18:04:20 +0000","<a href=""http://twitter.com"" rel=""nofollow"">Twitter Web Client</a>","意外と人間がそうゆうもの好き、私も好きだよ

vtuberで、ある程度の演ずる
それはうそと思ってない、人間は多い性格面です
人の普段で表現しないの性格を見える
それでvtuberの面白いところと思う

今日はここまで、明日も頑張る","","","",""
"1063130212949356544","","","2018-11-15 18:02:49 +0000","<a href=""http://twitter.com"" rel=""nofollow"">Twitter Web Client</a>","ヌルの中の人は、実は上位次元のシステム運用保守担当者です。
 #あなたの中の人の正体
 https://t.co/MuEpAvrdZY","","","","https://shindanmaker.com/758068"
"1062756470020685824","1062756468489768960","1050640493871153152","2018-11-14 17:17:42 +0000","<a href=""http://twitter.com"" rel=""nofollow"">Twitter Web Client</a>","FGOのエレシュキガルが出た、あれはほんとうた
しかも宝具2しました😊

今日はここまで、明日も頑張る","","","",""
"1062756468489768960","","","2018-11-14 17:17:41 +0000","<a href=""http://twitter.com"" rel=""nofollow"">Twitter Web Client</a>","日常を言いたいけと、「エレシュキガルが出たあああああああ！🤪」
そうゆう事が流石にできない
個性の問題だな、感情の起伏じゃなくてたた考えすぎて恐いかも
人が見ると自分が叱られること
でも実際はみんなが優しい、例え少し変な言葉を出た、せいぜい無視されただけ","","","",""
"1062371080067665920","1062371078985605121","1050640493871153152","2018-11-13 15:46:18 +0000","<a href=""http://twitter.com"" rel=""nofollow"">Twitter Web Client</a>","でもこれも練習の一つ、せめて毎日一回ツイートします
今日はこれくらい、明日も頑張る","","","",""
"1062371078985605121","","","2018-11-13 15:46:17 +0000","<a href=""http://twitter.com"" rel=""nofollow"">Twitter Web Client</a>","普段には日常の事を書かない
原因は自分の進捗状況がそんなに速くない
そしてなんが日常の事は見ても意味がない（これは私自身の問題、お他の人のツイートは面白いと思う）
もひとつは考えすぎで、ツイートはほとんど一時間以上がかかる（このツイートは23時から考えます）","","","",""
"1062052671627026432","","","2018-11-12 18:41:03 +0000","<a href=""http://twitter.com"" rel=""nofollow"">Twitter Web Client</a>","最近考えている
自分の能力が足りない
一番問題はやっぱり言葉
そのせいで、自分の薦めしたいの物をちゃんと紹介できない

とりあえず、新しいモデルが完成したあと
ちゃんと国語を勉強する","","","",""
"1062052179442192384","","","2018-11-12 18:39:06 +0000","<a href=""http://twitter.com"" rel=""nofollow"">Twitter Web Client</a>","絵を描く時に楽しい
あまり他のことは考えすぎない https://t.co/fMjWdQ4Fcc","","","","https://twitter.com/uid_null/status/1062052179442192384/photo/1"
"1061559714029330432","","","2018-11-11 10:02:13 +0000","<a href=""http://twitter.com"" rel=""nofollow"">Twitter Web Client</a>","RT @saku_sasaki: らすとこくっち！🎋
１１月１１日（日）２１時～　YouTubeで放送するよ～！
自分の誕生日を１人で祝いながら楽しい時間をみんなと過ごしたいな(∩´ ᵕ `∩)
予定している放送はこれで最後になると思うよ。
最後は楽しく笑顔でお別れしたい！ので…","1060488107101835264","1012211447160455170","2018-11-08 11:04:02 +0000",""
"1061321455084855297","","","2018-11-10 18:15:27 +0000","<a href=""http://twitter.com"" rel=""nofollow"">Twitter Web Client</a>","お絵描き配信テスト終わりました
やっぱり、自分はまだ長い配信ができない
悪いすぎて、非公開する（理由はつまらない、ほとんど喋れない）
本当にごめんなさい😭","","","",""
"1061271735599751168","1061270656673701888","2241613614","2018-11-10 14:57:53 +0000","<a href=""http://twitter.com"" rel=""nofollow"">Twitter Web Client</a>","@TKTKta 😃","","","",""
"1061270040052256768","1061263649770156033","2241613614","2018-11-10 14:51:09 +0000","<a href=""http://twitter.com"" rel=""nofollow"">Twitter Web Client</a>","@TKTKta 少し寝した、返事遅くてごめんなさい💦
大丈夫です！お仕事を頑張って！","","","",""
"1061259536277790720","","","2018-11-10 14:09:25 +0000","<a href=""http://twitter.com"" rel=""nofollow"">Twitter Web Client</a>","報告内容が先にアップロードしました

https://t.co/HB3kjoA8AV","","","","https://github.com/recyclempty/vtuber-log/tree/master/181110"
"1061259369709428742","","","2018-11-10 14:08:45 +0000","<a href=""http://twitter.com"" rel=""nofollow"">Twitter Web Client</a>","今夜25時からを報告します、内容は以下通りです
 1. お絵描き練習
 2. VTuber動画
 
今回が報告終わりあと、お絵描き配信テスト
もし興味があればこちら
https://t.co/ide0DblKUg

 #Vtuber","","","","https://www.youtube.com/channel/UC2F8FM_lVc-s32-XTE1y0iw/live"
"1060597319349850112","","","2018-11-08 18:18:00 +0000","<a href=""http://twitter.com"" rel=""nofollow"">Twitter Web Client</a>","アズリム...強く生きて","","","",""
"1060596824463921153","","","2018-11-08 18:16:02 +0000","<a href=""http://twitter.com"" rel=""nofollow"">Twitter Web Client</a>","RT @azuma_lim: すごく苦しいです。この先、アズリムがアズリムらしくいるにはどうしたらいいのかな。本当はこういうこと言いたくなくてずっと悩んでたんだ。けどごめんねセンパイ。。センパイ、助けて。。","1060212217826619392","918281358832574464","2018-11-07 16:47:45 +0000",""
"1060596816662556672","","","2018-11-08 18:16:00 +0000","<a href=""http://twitter.com"" rel=""nofollow"">Twitter Web Client</a>","RT @azuma_lim: 転生して性格を変えたことにしようとされていたり、アズリムが望まないことを無理矢理押し付けられることになりました。アズリムもよく分からなくて混乱してるけど、「あなたの気持ちなんてどうでもいい」と言われたり、センパイたちのことを数字やお金としかみていな…","1060212202097930240","918281358832574464","2018-11-07 16:47:41 +0000",""
"1060596804805226496","","","2018-11-08 18:15:57 +0000","<a href=""http://twitter.com"" rel=""nofollow"">Twitter Web Client</a>","RT @azuma_lim: センパイ。急にびっくりさせちゃうと思うんですけどごめんなさい。
アズリムは今、ママと一生懸命、センパイたちに喜んでもらえることをしたいって考えたり、一緒に楽しいことをしたいって気持ちでがんばってきました。
でも最近、こんさる？とか会社？の人がきて、…","1060212068932964352","918281358832574464","2018-11-07 16:47:09 +0000",""
"1060584111872532480","","","2018-11-08 17:25:31 +0000","<a href=""http://twitter.com"" rel=""nofollow"">Twitter Web Client</a>","RT @saku_sasaki: １１月９日（金）２０時〜
YouTubeでゲーム部の道明寺おはるとくん( @Haruto_gamebu )とマリカの放送するやで( `•ω•´ )🌟
約束のマリカ対決ぜったい勝つ！！！
よろしくね！🎋","1060116560377860097","1012211447160455170","2018-11-07 10:27:38 +0000",""
"1060583924164771840","","","2018-11-08 17:24:46 +0000","<a href=""http://twitter.com"" rel=""nofollow"">Twitter Web Client</a>","RT @Haruto_gamebu: - Battle Live 【生放送】-

決戦日 : 11/9 金曜日 20:00〜(予定)

対戦相手 : 笹木咲 (にじさんじゲーマーズ) @saku_sasaki 

種目 : マリオカート8DX

煽りまくって負かして、犬のように…","1060119318686400512","944105471144640512","2018-11-07 10:38:36 +0000",""
"1059877824603938823","","","2018-11-06 18:38:59 +0000","<a href=""http://twitter.com"" rel=""nofollow"">Twitter Web Client</a>","最近は絵を練習たけ
それと、全力でポイントを稼ぐ(ONILAND)","","","",""
"1058773533537398784","","","2018-11-03 17:30:56 +0000","<a href=""http://twitter.com"" rel=""nofollow"">Twitter Web Client</a>","あるアニメを思い出した
卒業おめでとう...この曲を流れてほしい
https://t.co/oF5ZaWfc0t","","","","https://youtu.be/7lH7csKBnzY"
"1058771106729885696","","","2018-11-03 17:21:17 +0000","<a href=""http://twitter.com"" rel=""nofollow"">Twitter Web Client</a>","今週の報告終わりました
見ましたてありがとうございます

報告内容をアップロードしました
https://t.co/ZHTtRGcL0L","","","","https://github.com/recyclempty/vtuber-log"
"1058736782655684609","","","2018-11-03 15:04:54 +0000","<a href=""http://twitter.com"" rel=""nofollow"">Twitter Web Client</a>","今夜25時から報告します、内容は以下 
1. GitHubを利用した
2. 見ましたの動画

予想時間が10分、もし興味があればこちら
https://t.co/ide0DblKUg

#Vtuber","","","","https://www.youtube.com/channel/UC2F8FM_lVc-s32-XTE1y0iw/live"
"1058679274465456128","","","2018-11-03 11:16:22 +0000","<a href=""http://twitter.com"" rel=""nofollow"">Twitter Web Client</a>","RT @magical_matsuri: この後、18時から8時間生放送スタートです！！
ドキドキとワクワクが止まらない〜〜！∩(´∀`)∩
【まじかるどーる超祭り】1部 ~PUBG人生相談マリカー大宴会！~ https://t.co/DzfXXKVdeV @YouTubeさん…","1058644242837323776","966847939829092352","2018-11-03 08:57:10 +0000","https://youtu.be/muRRnOz35yc,https://youtu.be/muRRnOz35yc,https://twitter.com/magical_matsuri/status/1058644242837323776/photo/1"
"1058386340943785986","","","2018-11-02 15:52:22 +0000","<a href=""http://twitter.com"" rel=""nofollow"">Twitter Web Client</a>","間違えてリツイートを削除した💦
とりあえずも一度リツイートする
もう生放送終わりのツイートは「いいね」する","","","",""
"1058382357844000768","","","2018-11-02 15:36:32 +0000","<a href=""http://twitter.com"" rel=""nofollow"">Twitter Web Client</a>","RT @emoco_art: お菓子の家を、STYLYの新機能「VR Editor」で作ってみました🍭✨

VR空間を自分の手でサクサク編集できて、とっても楽しいです😍

動画で使い方を解説してるので、ぜひ使ってみてください☺️

⬇️動画はこちら⬇️
https://t.co…","1056833255217881089","968380144133001221","2018-10-29 09:00:57 +0000","https://youtu.be/3rz2aH_JQwQ,https://styly.cc/,https://twitter.com/emoco_art/status/1056833255217881089/video/1"
"1058025462817943552","","","2018-11-01 15:58:22 +0000","<a href=""http://twitter.com"" rel=""nofollow"">Twitter Web Client</a>","ちょっどだけお絵描きをしない
どう見てるは変な感じがしている
紹介用モデルを作るしたいけど
もう少し練習するほうがいい https://t.co/8e0qaBWRL3","","","","https://twitter.com/uid_null/status/1058025462817943552/photo/1"
"1057228266010947585","","","2018-10-30 11:10:35 +0000","<a href=""http://twitter.com"" rel=""nofollow"">Twitter Web Client</a>","レポートをアップロードしました
遅くなってすみません
色々物を試して、時間がかかりすぎます💦

今後の資料もここに保存されます

https://t.co/ZHTtRGcL0L","","","","https://github.com/recyclempty/vtuber-log"
"1056234789294956544","","","2018-10-27 17:22:52 +0000","<a href=""http://twitter.com"" rel=""nofollow"">Twitter Web Client</a>","今週の報告終わりました
見てくれてありがとうございます
次は今回よりもっと練習する

あと、毎週報告アップロードの場所を探して","","","",""
"1056166553819856897","","","2018-10-27 12:51:43 +0000","<a href=""http://twitter.com"" rel=""nofollow"">Twitter Web Client</a>","今夜25時から報告する、内容は以下
1. OBSで音声フィルタの設定
2. FaceRigで複数アバター機能
3. youtubeの動画に字幕を追加する

予想時間が10分、もし興味があればこちら
https://t.co/ide0DblKUg

#Vtuber","","","","https://www.youtube.com/channel/UC2F8FM_lVc-s32-XTE1y0iw/live"
"1055530372350394369","1055530367564697601","1050640493871153152","2018-10-25 18:43:46 +0000","<a href=""http://twitter.com"" rel=""nofollow"">Twitter Web Client</a>","残念なことに
CPU使用率が高くなる
FaceRigでのLive2Dの複数アバター機能はバグある
たぶん使わない

バグの詳しいこちら
https://t.co/8CNXvau5wv","","","","http://forum.live2d.com/discussion/1210"
"1055530374019731456","1055530372350394369","1050640493871153152","2018-10-25 18:43:46 +0000","<a href=""http://twitter.com"" rel=""nofollow"">Twitter Web Client</a>","あと、かぼちゃをアップした、ご自由にお使い下さい
https://t.co/kENCcmy0gQ","","","","https://drive.google.com/open?id=1q9twthzpO2sbUDnZJyzlJ-i2KSXWWjFh"
"1055530367564697601","","","2018-10-25 18:43:45 +0000","<a href=""http://twitter.com"" rel=""nofollow"">Twitter Web Client</a>","ハロウィンかぼちゃ
#VTuber #Live2D #FaceRig https://t.co/sEGBKI2oBe","","","","https://twitter.com/uid_null/status/1055530367564697601/video/1"
"1054725132177080321","1054725130352349184","1050640493871153152","2018-10-23 13:24:02 +0000","<a href=""http://twitter.com"" rel=""nofollow"">Twitter Web Client</a>","まだ何か足りない......やっぱり環境改善しかない

こちは結構参考になる
https://t.co/0lOsjL7ZtU","","","","http://sloppy-games.com/obs-studio%E3%81%A7%E3%82%B2%E3%83%BC%E3%83%A0%E5%AE%9F%E6%B3%81%EF%BC%81%E3%82%AB%E3%82%AF%E3%82%AB%E3%82%AF%E3%82%82%E9%9F%B3%E5%89%B2%E3%82%8C%E3%82%82%E3%81%95%E3%82%88%E3%81%86%E3%81%AA%E3%82%89/"
"1054725130352349184","","","2018-10-23 13:24:01 +0000","<a href=""http://twitter.com"" rel=""nofollow"">Twitter Web Client</a>","なんか、音質改善をうまくいかない
「ノイズ制抑」ノイズを小さくする
「ゲイン」音量を大きくすると小さくする
「ノイズゲート」音量が小さい時は完全に入力しない
「コンプレッサー」音量を一定にするため(自分の理解は音声体積のコントロール)
「イコライザー」特定の音声帯域の音量を調整する","","","",""
"1054104512787492864","","","2018-10-21 20:17:54 +0000","<a href=""http://twitter.com"" rel=""nofollow"">Twitter Web Client</a>","これからツイッター活動開始
基本は自分のデータログ、お役に立てれば嬉しいです
#Vtuberはじめました","","","",""
"1054055280651071488","","","2018-10-21 17:02:16 +0000","<a href=""http://twitter.com"" rel=""nofollow"">Twitter Web Client</a>","https://t.co/ide0DblKUg

#Vtuber準備中 https://t.co/tm7TFB3zdk","","","","https://www.youtube.com/channel/UC2F8FM_lVc-s32-XTE1y0iw/live,https://twitter.com/uid_null/status/1054055280651071488/video/1"
"1052578606180786178","","","2018-10-17 15:14:30 +0000","<a href=""http://twitter.com"" rel=""nofollow"">Twitter Web Client</a>","https://t.co/gaaL1dRRdt","","","","https://twitter.com/uid_null/status/1052578606180786178/photo/1,https://twitter.com/uid_null/status/1052578606180786178/photo/1"
"1051883556157321217","","","2018-10-15 17:12:37 +0000","<a href=""http://twitter.com"" rel=""nofollow"">Twitter Web Client</a>","#VTuber準備中 https://t.co/WlaeK1iQNs","","","","https://twitter.com/uid_null/status/1051883556157321217/video/1"
"1051163283078537216","","","2018-10-13 17:30:31 +0000","<a href=""http://twitter.com"" rel=""nofollow"">Twitter Web Client</a>","😨 https://t.co/ASGBziJlm0","","","","https://twitter.com/uid_null/status/1051163283078537216/photo/1"
"1051125171216498695","","","2018-10-13 14:59:04 +0000","<a href=""http://twitter.com"" rel=""nofollow"">Twitter Web Client</a>","😥
#VTuber準備中 https://t.co/qYpQU38bau","","","","https://twitter.com/uid_null/status/1051125171216498695/video/1"
"1050792780623036416","","","2018-10-12 16:58:16 +0000","<a href=""http://twitter.com"" rel=""nofollow"">Twitter Web Client</a>","#VTuber準備中 https://t.co/6J8NmbsfQd","","","","https://twitter.com/uid_null/status/1050792780623036416/photo/1"
